[
	{
		"version": "1.0.1",
		"files": {
			"bot/login/login.js": "fixes terminal freeze"
		}
	},
	{
		"version": "1.0.2",
		"files": {
			"bot/login/loadData.js": "fixes terminal freeze"
		}
	},
	{
		"version": "1.0.3",
		"files": {
			"bot/handler/handlerEvents.js": "fixes terminal freeze"
		}
	},
	{
		"version": "1.0.4",
		"files": {
			"bot/login/login.js": "fixes bugs",
			"scripts/cmds/badwords.js": "fixes error `Cannot read properties of undefined (reading 'settings')`",
			"scripts/cmds/loadconfig.js": "fixes error `Cannot read properties of undefined (reading 'dirConfig')`",
			"scripts/cmds/tik.js": "fixes api"
		}
	},
	{
		"version": "1.0.5",
		"files": {
			"bot/login/login.js": "fixes duplicate login"
		}
	},
	{
		"version": "1.0.6",
		"files": {
			"scripts/cmds/ytb.js": "fixes error `AxiosError: unable to verify the first certificate`"
		}
	},
	{
		"version": "1.0.7",
		"files": {
			"scripts/cmds/videofb.js": "fixes error Cannot download video"
		}
	},
	{
		"version": "1.0.8",
		"files": {
			"utils.js": "update system translate",
			"scripts/cmds/adduser.js": "update system translate"
		}
	},
	{
		"version": "1.0.9",
		"files": {
			"scripts/cmds/tik.js": "add slide download feature (images)"
		}
	},
	{
		"version": "1.0.10",
		"files": {
			"bot/handler/handlerEvents.js": "",
			"scripts/cmds/simsimi.js": "new command"
		}
	},
	{
		"version": "1.0.11",
		"files": {
			"utils.js": "",
			"scripts/cmds/anime.js": "new command random anime image",
			"scripts/cmds/avatar.js": "new command create avatar anime",
			"scripts/cmds/simsimi.js": ""
		}
	},
	{
		"version": "1.0.12",
		"files": {
			"scripts/cmds/anime.js": "fixes error Dissallowed props: `attachent`",
			"scripts/cmds/videofb.js": ""
		}
	},
	{
		"version": "1.0.13",
		"files": {
			"bot/handler/handlerEvents.js": "fixes adminOnly not working",
			"bot/login/loadScripts.js": "",
			"scripts/cmds/cmd.js": "add function `install`: Download and install a script from a url, url is the path to the script (raw)",
			"scripts/cmds/event.js": "add function `install`: Download and install a script from a url, url is the path to the script (raw)"
		}
	},
	{
		"version": "1.0.14",
		"files": {
			"bot/login/login.js": "automatically remove duplicate event listeners",
			"scripts/cmds/cmd.js": "fixes error: `TypeError: Cannot read property 'indexOf' of undefined`",
			"index.js": "added notification feature when new update is available"
		}
	},
	{
		"version": "1.0.15",
		"files": {
			"bot/login/login.js": "fixes bot not working after some time",
			"scripts/cmds/admin.js": "new command help you Add, remove, edit admin rights",
			"scripts/cmds/cmd.js": "fixes error `TypeError: Cannot read properties of undefined (reading 'toLowerCase')`",
			"scripts/cmds/event.js": "fixes error `TypeError: Cannot read properties of undefined (reading 'toLowerCase')``"
		}
	},
	{
		"version": "1.0.16",
		"files": {
			"index.js": "",
			"scripts/cmds/moon.js": "fixes error `TypeError: Cannot read property 'slice' of undefined`"
		}
	},
	{
		"version": "1.0.17",
		"files": {
			"database/connectDB/connectMongoDB.js": "fixes can't connect mongodb",
			"database/controller/dashBoardData.js": "fixes can't connect mongodb",
			"database/controller/index.js": "fixes can't connect mongodb",
			"database/controller/threadsData.js": "fixes can't connect mongodb",
			"database/controller/usersData.js": "fixes can't connect mongodb",
			"index.js": "Update error reporting system",
			"utils.js": "Update error reporting system"
		}
	},
	{
		"version": "1.0.18",
		"files": {
			"utils.js": "fixes error `CREDENTIALS: Please provide a valid apiKey in file config.json`"
		}
	},
	{
		"version": "1.0.19",
		"files": {
			"scripts/cmds/tik.js": "fixes `Error: The first argument (url) must be a string`"
		}
	},
	{
		"version": "1.0.20",
		"files": {
			"scripts/cmds/busy.js": "new command",
			"scripts/cmds/filteruser.js": "new command",
			"scripts/cmds/refresh.js": "new command"
		}
	},
	{
		"version": "1.0.21",
		"files": {
			"scripts/cmds/refresh.js": "edit role 0 (everyone) to 1 (admin only)"
		}
	},
	{
		"version": "1.0.22",
		"files": {
			"index.js": "confusion between variable \"version\" and \"currentVersion\" 🤧",
			"scripts/cmds/setleave.js": "fixes can't customize newline text",
			"scripts/cmds/setwelcome.js": "fixes can't customize newline text",
			"scripts/cmds/shortcut.js": "fixes bug",
			"scripts/cmds/simsimi.js": ""
		}
	},
	{
		"version": "1.0.23",
		"files": {
			"dashboard/views/404.eta": "cancel minify and fixes bugs",
			"dashboard/views/change-password.eta": "cancel minify and fixes bugs",
			"dashboard/views/dashboard-custom-cmd.eta": "cancel minify and fixes bugs",
			"dashboard/views/dashboard-leave.eta": "cancel minify and fixes bugs",
			"dashboard/views/dashboard-rankup.eta": "cancel minify and fixes bugs",
			"dashboard/views/dashboard-thread.eta": "cancel minify and fixes bugs",
			"dashboard/views/dashboard-welcome.eta": "cancel minify and fixes bugs",
			"dashboard/views/dashboard.eta": "cancel minify and fixes bugs",
			"dashboard/views/donate.eta": "cancel minify and fixes bugs",
			"dashboard/views/forgot-password-new-password.eta": "cancel minify and fixes bugs",
			"dashboard/views/forgot-password-submit-code.eta": "cancel minify and fixes bugs",
			"dashboard/views/forgot-password.eta": "cancel minify and fixes bugs",
			"dashboard/views/home.eta": "cancel minify and fixes bugs",
			"dashboard/views/login.eta": "cancel minify and fixes bugs",
			"dashboard/views/profile.eta": "cancel minify and fixes bugs",
			"dashboard/views/register-resend-code.eta": "cancel minify and fixes bugs",
			"dashboard/views/register-submit-code.eta": "cancel minify and fixes bugs",
			"dashboard/views/register.eta": "cancel minify and fixes bugs",
			"dashboard/views/stats.eta": "cancel minify and fixes bugs",
			"dashboard/views/verifyfbid-submit-code.eta": "cancel minify and fixes bugs",
			"dashboard/views/verifyfbid.eta": "cancel minify and fixes bugs",
			"bot/autoUptime.js": "add language adjustment function for terminal",
			"bot/handler/handlerCheckData.js": "add language adjustment function for terminal",
			"languages/vi.lang": "add language adjustment function for terminal",
			"languages/en.lang": "add language adjustment function for terminal",
			"index.js": "add language adjustment function for terminal",
			"database/controller/index.js": "add language adjustment function for terminal",
			"dashboard/routes/verifyfbid.js": "add language adjustment function for terminal",
			"bot/login/socketIO.js": "add language adjustment function for terminal",
			"bot/login/login.js": "add language adjustment function for terminal",
			"bot/login/loadScripts.js": "add language adjustment function for terminal",
			"bot/login/loadData.js": "add language adjustment function for terminal",
			"scripts/cmds/grouptag.js": "add feature to view tag group information",
			"database/models/mongodb/userDashBoard.js": "fixes mongodb not working",
			"database/models/mongodb/user.js": "fixes mongodb not working",
			"database/models/mongodb/thread.js": "fixes mongodb not working",
			"database/controller/usersData.js": "fixes mongodb not working",
			"database/controller/threadsData.js": "fixes mongodb not working",
			"database/controller/dashBoardData.js": "fixes mongodb not working",
			"dashboard/routes/api.js": "",
			"dashboard/app.js": ""
		}
	},
	{
		"version": "1.0.24",
		"files": {
			"update.js": "update handle update",
			"languages/en.lang": ""
		}
	},
	{
		"version": "1.0.25",
		"files": {
			"bot/handler/handlerAction.js": "add globalModel and globalData",
			"utils.js": "add globalModel and globalData",
			"scripts/cmds/eval.js": "add globalModel and globalData",
			"index.js": "add globalModel and globalData",
			"database/models/sqlite/global.js": "add globalModel and globalData",
			"database/models/mongodb/global.js": "add globalModel and globalData",
			"database/controller/index.js": "add globalModel and globalData",
			"database/controller/globalData.js": "add globalModel and globalData",
			"database/connectDB/connectSqlite.js": "add globalModel and globalData",
			"database/connectDB/connectMongoDB.js": "add globalModel and globalData",
			"dashboard/connectDB.js": "add globalModel and globalData",
			"bot/login/loadData.js": "add globalModel and globalData",
			"bot/login/login.js": "add globalModel and globalData",
			"bot/handler/handlerEvents.js": "add globalModel and globalData",
			"bot/login/checkLiveCookie.js": "Update checkLiveCookie.js",
			"dashboard/views/register.eta": "",
			"database/controller/dashBoardData.js": "Update many error messages",
			"database/controller/threadsData.js": "Update many error messages",
			"database/controller/usersData.js": "Update many error messages",
			"scripts/cmds/setname.js": "",
			"updater.js": "update updater",
			"update.js": "update updater"
		}
	},
	{
		"version": "1.0.26",
		"files": {
			"scripts/cmds/setalias.js": "add option -g (applies to the whole system)",
			"scripts/cmds/event.js": "add Argument and Parameter `globalModel`, `globalData`",
			"scripts/cmds/cmd.js": "add Argument and Parameter `globalModel`, `globalData`",
			"bot/login/loadScripts.js": "add Argument and Parameter `globalModel`, `globalData`",
			"bot/handler/handlerEvents.js": "add Argument and Parameter `globalModel`, `globalData`",
			"bot/login/login.js": "add Argument and Parameter `globalModel`, `globalData`"
		}
	},
	{
		"version": "1.0.27",
		"files": {
			"bot/login/login.js": "fixes console freeze error"
		}
	},
	{
		"version": "1.0.28",
		"files": {
			"scripts/cmds/notification.js": "fixes `Error: parseAndCheckLogin got status code: 404. Bailing out of trying to parse response.`"
		},
		"deleteFiles": {
			"scripts/cmds/instagram.js": "api is no longer working"
		}
	},
	{
		"version": "1.0.29",
		"files": {
			"bot/handler/handlerEvents.js": "fixes `Can't find text: \"handlerEvents..\"`",
			"package-lock.json": "update package `fb-chat-api` version 10.4.14",
			"package.json": "update package `fb-chat-api` version 10.4.14",
			"scripts/cmds/setavt.js": "fixes `TypeError: Cannot read property 'startsWith' of undefined`",
			"scripts/cmds/ytb.js": "no need to use youtube api key v3 anymore"
		}
	},
	{
		"version": "1.0.30",
		"files": {
			"scripts/cmds/ytb.js": "fixes `TypeError: Cannot read property 'length' of undefined`",
			"scripts/cmds/customrankcard.js": ""
		}
	},
	{
		"version": "1.1.0",
		"files": {
			"config.json": "",
			"utils.js": "cancel automatic translation by api",
			"dashboard/app.js": "fixes `Error: Login sessions require session support. Did you forget to use 'express-session' middleware`",
			"database/controller/usersData.js": "add function `addMoney` and `subtractMoney`",
			"bot/autoUptime.js": "fixes error `Cannot read property 'data' of undefined`",
			"bot/handler/handlerEvents.js": "optimization",
			"bot/login/loadScripts.js": "optimization",
			"bot/login/login.js": "optimization",
			"languages/en.lang": "add new text",
			"languages/vi.lang": "add new text",
			"languages/cmds/en.js": "you can customize the language according to this example",
			"languages/events/en.js": "you can customize the language according to this example",
			"scripts/cmds/cmd.js": "add custom language & optimization",
			"scripts/cmds/adboxonly.js": "add custom language",
			"scripts/cmds/adduser.js": "add custom language",
			"scripts/cmds/admin.js": "add custom language",
			"scripts/cmds/adminonly.js": "add custom language",
			"scripts/cmds/all.js": "add custom language",
			"scripts/cmds/anime.js": "add custom language",
			"scripts/cmds/antichangeinfobox.js": "add custom language",
			"scripts/cmds/appstore.js": "add custom language",
			"scripts/cmds/autosetname.js": "add custom language",
			"scripts/cmds/avatar.js": "add custom language",
			"scripts/cmds/badwords.js": "add custom language",
			"scripts/cmds/balance.js": "add custom language",
			"scripts/cmds/batslap.js": "add custom language",
			"scripts/cmds/busy.js": "add custom language",
			"scripts/cmds/callad.js": "add custom language",
			"scripts/cmds/count.js": "add custom language",
			"scripts/cmds/customrankcard.js": "add custom language",
			"scripts/cmds/dhbc.js": "add custom language",
			"scripts/cmds/emojimix.js": "add custom language",
			"scripts/cmds/eval.js": "add custom language",
			"scripts/cmds/event.js": "add custom language",
			"scripts/cmds/filteruser.js": "add custom language",
			"scripts/cmds/getfbstate.js": "add custom language",
			"scripts/cmds/grouptag.js": "add custom language",
			"scripts/cmds/help.js": "add custom language",
			"scripts/cmds/kick.js": "add custom language",
			"scripts/cmds/loadconfig.js": "add custom language",
			"scripts/cmds/moon.js": "add custom language",
			"scripts/cmds/notification.js": "add custom language",
			"scripts/cmds/prefix.js": "add custom language",
			"scripts/cmds/rank.js": "add custom language",
			"scripts/cmds/rankup.js": "add custom language",
			"scripts/cmds/refresh.js": "add custom language",
			"scripts/cmds/rules.js": "add custom language",
			"scripts/cmds/sendnoti.js": "add custom language",
			"scripts/cmds/setalias.js": "add custom language",
			"scripts/cmds/setavt.js": "add custom language",
			"scripts/cmds/setlang.js": "add custom language",
			"scripts/cmds/setleave.js": "add custom language",
			"scripts/cmds/setname.js": "add custom language",
			"scripts/cmds/setrole.js": "add custom language",
			"scripts/cmds/setwelcome.js": "add custom language",
			"scripts/cmds/shortcut.js": "add custom language",
			"scripts/cmds/simsimi.js": "add custom language",
			"scripts/cmds/sorthelp.js": "add custom language",
			"scripts/cmds/thread.js": "add custom language",
			"scripts/cmds/tid.js": "add custom language",
			"scripts/cmds/tik.js": "add custom language",
			"scripts/cmds/trigger.js": "add custom language",
			"scripts/cmds/uid.js": "add custom language",
			"scripts/cmds/unsend.js": "add custom language",
			"scripts/cmds/user.js": "add custom language",
			"scripts/cmds/videofb.js": "add custom language",
			"scripts/cmds/warn.js": "add custom language",
			"scripts/cmds/weather.js": "add custom language",
			"scripts/cmds/ytb.js": "add custom language"
		}
	},
	{
		"version": "1.1.1",
		"files": {
			"languages/en.lang": "",
			"languages/vi.lang": "",
			"scripts/cmds/help.js": "fixes error `TypeError: Cannot read property 'doNotHave' of undefined`",
			"scripts/cmds/kick.js": "added languages",
			"bot/handler/handlerEvents.js": "optimization function getLang",
			"scripts/events/checkwarn.js": "added languages",
			"scripts/events/leave.js": "added languages",
			"scripts/events/logsbot.js": "added languages",
			"scripts/events/welcome.js": "added languages"
		}
	},
	{
		"version": "1.1.2",
		"files": {
			"languages/cmds/en.js": "language update",
			"scripts/cmds/help.js": "language update",
			"scripts/events/leave.js": "language update",
			"scripts/events/welcome.js": "language update"
		}
	},
	{
		"version": "1.1.3",
		"files": {
			"bot/handler/handlerEvents.js": "fix can't use bot when inbox 1-1",
			"scripts/events/logsbot.js": "fixes error `TypeError: checkAndTranslate is not a function`",
			"scripts/cmds/customrankcard.js": "language update",
			"scripts/cmds/help.js": "language update",
			"scripts/cmds/thread.js": "language update",
			"languages/cmds/en.js": "language update",
			"database/controller/usersData.js": "fixes bugs",
			"database/controller/threadsData.js": "fixes bugs",
			"database/controller/globalData.js": "fixes bugs",
			"database/controller/dashBoardData.js": "fixes bugs",
			"languages/en.lang": "language update",
			"languages/vi.lang": "language update"
		}
	},
	{
		"version": "1.1.4",
		"files": {
			"scripts/cmds/busy.js": "language update"
		}
	},
	{
		"version": "1.1.5",
		"files": {
			"bot/handler/handlerEvents.js": "language update",
			"scripts/cmds/emojimix.js": "language update",
			"scripts/cmds/loadconfig.js": "language update",
			"scripts/cmds/rules.js": "language update",
			"scripts/cmds/setalias.js": "language update",
			"scripts/cmds/daily.js": "new command get daily coins and exp",
			"scripts/cmds/busy.js": "language update"
		}
	},
	{
		"version": "1.1.6",
		"files": {
			"scripts/cmds/busy.js": "fixes bugs auto activated for all member",
			"scripts/cmds/notification.js": "fixes error `TypeError: checkAndTranslate is not a function`",
			"scripts/cmds/callad.js": "fixes error `TypeError: checkAndTranslate is not a function`",
			"dashboard/routes/verifyfbid.js": "fixes error `TypeError: checkAndTranslate is not a function`",
			"languages/vi.lang": "language update",
			"languages/en.lang": "language update",
			"scripts/events/leave.js": "language update"
		}
	},
	{
		"version": "1.1.7",
		"files": {
			"bot/source/invalid_domain_for_site_key.jpg": "add image",
			"bot/source/invalid_grant1.jpg": "add image",
			"bot/source/invalid_grant2.jpg": "add image",
			"bot/source/redirect_uri_mismatch.jpg": "add image",
			"scripts/cmds/assets/guide/customrankcard/guide2.png": "add image",
			"bot/login/checkLiveCookie.js": "",
			"bot/handler/handlerEvents.js": "language update",
			"scripts/cmds/callad.js": "language update",
			"scripts/cmds/help.js": "language update",
			"scripts/cmds/rankup.js": "support custome message rankup",
			"scripts/cmds/setalias.js": "fixes error `TypeError: Cannot read property 'has' of undefined`",
			"scripts/cmds/setrankup.js": "a new command to set custom message rankup",
			"scripts/cmds/antichangeinfobox.js": "language update",
			"languages/en.lang": "language update",
			"languages/vi.lang": "language update",
			"utils.js": "language update"
		}
	},
	{
		"version": "1.1.8",
		"files": {
			"scripts/cmds/admin.js": "language update",
			"scripts/cmds/help.js": "language update",
			"scripts/cmds/setrole.js": "language update",
			"scripts/cmds/shortcut.js": "language update",
			"languages/cmds/en.js": "language update"
		}
	},
	{
		"version": "1.1.9",
		"files": {
			"scripts/cmds/shortcut.js": "fixes with attachment giving error"
		}
	},
	{
		"version": "1.1.10",
		"files": {
			"scripts/cmds/rankup.js": "fixes `TypeError: Cannot read property of undefined (reading 'attachments')`",
			"scripts/cmds/shortcut.js": "fixes cannot delete/remove shortcut",
			"scripts/cmds/avatar.js": "language udpate"
		}
	},
	{
		"version": "1.1.11",
		"files": {
			"scripts/cmds/setalias.js": "fixes bugs",
			"bot/handler/handlerEvents.js": "language update"
		}
	},
	{
		"version": "1.1.12",
		"files": {
			"scripts/cmds/setrole.js": "language update"
		},
		"deleteFiles": {
			"scripts/cmds/simsimi.js": "delete command"
		}
	},
	{
		"version": "1.1.13",
		"files": {
			"bot/handler/handlerEvents.js": "language update",
			"scripts/cmds/avatar.js": "language update",
			"scripts/cmds/help.js": "language update",
			"scripts/cmds/hubble.js": "new command: get image from hubble telescope",
			"scripts/cmds/translate.js": "new command: translate text"
		}
	},
	{
		"version": "1.1.14",
		"files": {
			"scripts/cmds/translate.js": "can translate any message by reaction \"🌐\" or custom by you to message",
			"scripts/cmds/rules.js": "fixes bugs"
		}
	},
	{
		"version": "1.1.15",
		"files": {
			"scripts/cmds/rank.js": "remove rank card creation with api"
		}
	},
	{
		"version": "1.1.16",
		"files": {
			"scripts/cmds/hubble.js": "update hubble data url",
			"scripts/cmds/assets/font/BeVietnamPro-Bold.ttf": "add font"
		}
	},
	{
		"version": "1.1.17",
		"files": {
			"database/models/sqlite/userDashBoard.js": "edit filename",
			"database/controller/index.js": "fixes bugs",
			"database/connectDB/connectSqlite.js": "",
			"bot/login/loadData.js": "you can toggle the feature of refreshing user information, thread",
			"config.json": {
				"database.type": "sqlite",
				"database.autoSyncWhenStart": true,
				"database.notes": "type selects 'json' or 'sqlite' or 'mongodb'. If you choose mongodb, enter uri connect mongodb in the uriMongodb section, instructions to get uri connect mongodb at: https://youtu.be/z1f9urHW5xY. I recommend using 'mongodb' or 'sqlite', json is not recommended because it is not stable."
			},
			"logger/loading.js": "",
			"logger/log.js": ""
		}
	},
	{
		"version": "1.1.18",
		"files": {
			"scripts/cmds/ignoreonlyad.js": "add new command",
			"scripts/cmds/ignoreonlyadbox.js": "add new command",
			"scripts/cmds/jsontomongodb.js": "add new command",
			"scripts/cmds/jsontosqlite.js": "add new command",
			"bot/handler/handlerEvents.js": "language update",
			"languages/en.lang": "language update",
			"languages/vi.lang": "language update",
			"scripts/cmds/setlang.js": "language update",
			"config.json": {
				"adminOnly.enable": "DEFAULT_adminOnly",
				"adminOnly.ignoreCommand": []
			},
			"database/controller/threadsData.js": "fixes bugs",
			"index.js": "language update",
			"scripts/cmds/adminonly.js": ""
		}
	},
	{
		"version": "1.1.19",
		"files": {
			"scripts/cmds/customrankcard.js": "language update",
			"scripts/cmds/hubble.js": "language update",
			"scripts/cmds/thread.js": "more precise search feature",
			"scripts/cmds/user.js": "more precise search feature",
			"scripts/cmds/help.js": "fix not showing description when viewing command info",
			"bot/login/login.js": "can enable/disable auto-relogin when account.txt file changes in config.json/autoReloginWhenChangeAccount",
			"config.json": {
				"autoReloginWhenChangeAccount": false
			}
		}
	},
	{
		"version": "1.1.20",
		"files": {
			"scripts/cmds/filteruser.js": "fixes bugs bot listening members reaction message and kick members",
			"config.json": {
				"language": "en",
				"notesLanguage": "change to your language with ISO 639-1 code, available languages: vi (Vietnamese), en (English)"
			}
		}
	},
	{
		"version": "1.1.21",
		"files": {
			"configCommands.json": "youtube api key not used",
			"database/controller/dashBoardData.js": "Bug fixes & code optimization",
			"database/controller/globalData.js": "Bug fixes & code optimization",
			"database/controller/threadsData.js": "Bug fixes & code optimization",
			"database/controller/usersData.js": "Bug fixes & code optimization",
			"scripts/cmds/busy.js": "Bug fixes & code optimization",
			"scripts/cmds/help.js": "language update",
			"scripts/cmds/setlang.js": "fix not saving data when changing language of chat group"
		}
	},
	{
		"version": "1.1.22",
		"files": {
			"database/controller/dashBoardData.js": "bug fixes & code optimization",
			"database/controller/globalData.js": "bug fixes & code optimization",
			"database/controller/threadsData.js": "bug fixes & code optimization",
			"database/controller/usersData.js": "bug fixes & code optimization",
			"scripts/cmds/busy.js": "bug fixes & code optimization",
			"scripts/cmds/rules.js": "respond with the order number to see that rule"
		}
	},
	{
		"version": "1.1.23",
		"files": {
			"scripts/cmds/adduser.js": "bugs fixes & language update",
			"scripts/cmds/callad.js": "bugs fixes & language update",
			"scripts/cmds/jsontomongodb.js": "bugs fixes & language update",
			"scripts/cmds/jsontosqlite.js": "bugs fixes & language update",
			"scripts/cmds/notification.js": "bugs fixes & language update",
			"scripts/cmds/sendnoti.js": "bugs fixes & language update",
			"utils.js": "bugs fixes `findUid` & language update"
		}
	},
	{
		"version": "1.1.24",
		"files": {
			"scripts/cmds/user.js": "code optimization",
			"scripts/cmds/thread.js": "code optimization",
			"scripts/cmds/moon.js": "the structure of the source web has changed, I fixed it",
			"scripts/cmds/help.js": "continue with the next numbering for the next page",
			"scripts/cmds/eval.js": "add function `output` & `out`: similar to message.reply() but will automatically convert input data types to strings",
			"scripts/cmds/admin.js": "can reply to the message to select the target as the sender of that message",
			"bot/handler/handlerEvents.js": "languages update",
			"languages/en.lang": "language update",
			"languages/vi.lang": "language update"
		}
	},
	{
		"version": "1.1.25",
		"files": {
			"bot/login/login.js": "code optimization",
			"bot/login/getFbstate1.js": "code optimization",
			"scripts/cmds/jsontosqlite.js": "fixed error: `TypeError: Cannot read property 'globalData' of undefined` when convert global data",
			"scripts/cmds/jsontomongodb.js": "fixed error: `TypeError: Cannot read property 'globalData' of undefined` when convert global data"
		}
	},
	{
		"version": "1.1.26",
		"files": {
			"bot/handler/handlerEvents.js": "code optimization & bug fixes & add feature autoRefreshThreadInfoFirstTime: when you set autoRefreshThreadInfoFirstTime to true on config, the bot will automatically refresh the thread information when get first message from the thread since starting the bot",
			"config.json": {
				"database.autoRefreshThreadInfoFirstTime": false,
				"database.notes": "(1) type selects 'json' or 'sqlite' or 'mongodb'. If you choose mongodb, enter uri connect mongodb in the uriMongodb section, instructions to get uri connect mongodb at: https://youtu.be/z1f9urHW5xY. I recommend using 'mongodb' or 'sqlite', json is not recommended because it is not stable. (2) when you set autoSyncWhenStart to true, the bot will automatically synchronize the data in the database when starting the bot, this will make the bot start slower. (3) when you set autoRefreshThreadInfoFirstTime to true, the bot will automatically refresh the thread information when get first message from the thread since starting the bot"
			},
			"bot/login/loadData.js": "code optimization & bug fixes",
			"database/controller/threadsData.js": "code optimization & bug fixes refreshInfo function",
			"index.js": "",
			"scripts/cmds/notification.js": "language update"
		}
	},
	{
		"version": "1.1.27",
		"files": {
			"languages/cmds/en.js": "language update",
			"scripts/cmds/help.js": "language update",
			"scripts/cmds/notification.js": "more precise group filtering",
			"scripts/cmds/setleave.js": "Fix the error when sending the link",
			"scripts/cmds/setrankup.js": "Fix the error when sending the link",
			"scripts/cmds/setwelcome.js": "Fix the error when sending the link",
			"scripts/cmds/shortcut.js": "Fix the error when sending the link",
			"scripts/cmds/thread.js": "can search and filter bot groups that are still participating in the group"
		}
	},
	{
		"version": "1.1.28",
		"files": {
			"database/controller/threadsData.js": "bug fixes refreshInfo function: missing `userID` parameter when refreshing members information leads to huge data generation"
		}
	},
	{
		"version": "1.1.29",
		"files": {
			"Goat.js": "",
			"index.js": "",
			"bot/handler/handlerEvents.js": "languages update",
			"bot/login/login.js": "languages update",
			"languages/en.lang": "languages update",
			"languages/vi.lang": "languages update",
			"scripts/cmds/restart.js": "a new command: restart bot",
			"config.json": {
				"autoRestart": {
					"time": null,
					"notes": "you can set time is interval with milisecond or cron time, example: 1000, 10000, 60000, 3600000, 86400000, 0 0 * * *,... docs: https://www.npmjs.com/package/node-cron. If you set time is 0 or false or null, the bot will not auto restart"
				}
			}
		}
	},
	{
		"version": "1.1.30",
		"files": {
			"Goat.js": "fixed `TypeError: Cannot read property 'match' of null`"
		}
	},
	{
		"version": "1.1.31",
		"files": {
			"scripts/cmds/avatar.js": "fixes error: `TypeError: Cannot read properties of undefined (reading 'data')`",
			"scripts/cmds/cmd.js": "",
			"scripts/cmds/restart.js": "",
			"config.json": {}
		}
	},
	{
		"version": "1.1.32",
		"files": {
			"bot/login/login.js": "fix facebook login problem",
			"bot/login/getFbstate1.js": "fix facebook login problem",
			"config.json": {
				"facebookAccount.userAgent": "Mozilla/5.0 (Linux; Android 12; M2102J20SG) AppleWebKit/537.36 (KHTML, like Gecko) Chrome/101.0.0.0 Mobile Safari/537.36"
			},
			"logger/log.js": "remove the separator character",
			"logger/loading.js": "remove the separator character",
			"dashboard/views/dashboard-thread.eta": "code optimization",
			"dashboard/views/dashboard.eta": "code optimization",
			"dashboard/views/partials/footer.eta": "code optimization",
			"dashboard/views/partials/header.eta": "code optimization",
			"dashboard/views/partials/message.eta": "code optimization",
			"dashboard/views/register-submit-code.eta": "code optimization",
			"dashboard/views/verifyfbid-submit-code.eta": "code optimization",
			"dashboard/views/verifyfbid.eta": "code optimization"
		}
	}
]